epoch,time,train/box_loss,train/cls_loss,train/dfl_loss,metrics/precision(B),metrics/recall(B),metrics/mAP50(B),metrics/mAP50-95(B),val/box_loss,val/cls_loss,val/dfl_loss,lr/pg0,lr/pg1,lr/pg2
1,1075.23,1.02143,3.61868,1.42014,0.58864,0.39244,0.36433,0.28235,1.02364,2.86163,1.39322,0.000165862,0.000165862,0.000165862
2,2064.32,1.10298,2.59446,1.44982,0.59284,0.48171,0.51463,0.38434,1.03556,2.38754,1.41141,0.000299608,0.000299608,0.000299608
3,3139.81,1.0811,2.25512,1.4361,0.62033,0.54352,0.54122,0.40026,1.03629,2.41177,1.39485,0.000400354,0.000400354,0.000400354
